/*Inserting Books*/
INSERT INTO BOOK(ISBN, TITLE, AUTH_FNAME, AUTH_LNAME, AUTH_MI, SECTION, CALL_NUM)
VALUES('0684833395', 'Catch-22', 'Joseph', 'Heller', NULL, 'YOUNG ADULT', NULL);

INSERT INTO BOOK(ISBN, TITLE, AUTH_FNAME, AUTH_LNAME, AUTH_MI, SECTION, CALL_NUM)
VALUES('9780451465641', 'It Can''t Happen Here', 'Sinclair', 'Lewis', NULL, 'YOUNG ADULT', NULL);

INSERT INTO BOOK(ISBN, TITLE, AUTH_FNAME, AUTH_LNAME, AUTH_MI, SECTION, CALL_NUM)
VALUES('9780393327342', 'Fight Club', 'Chuck', 'Palahniuk', 'M', 'YOUNG ADULT', NULL);

INSERT INTO BOOK(ISBN, TITLE, AUTH_FNAME, AUTH_LNAME, AUTH_MI, SECTION, CALL_NUM)
VALUES('9780385737951', 'The Maze Runner', 'James', 'Dashner', 'S', 'YOUNG ADULT', NULL);

INSERT INTO BOOK(ISBN, TITLE, AUTH_FNAME, AUTH_LNAME, AUTH_MI, SECTION, CALL_NUM)
VALUES('9780316010665', 'Blink: The Power of Thinking Without Thinking', 'Malcolm', 'Gladwell', 'T', 'SOCIAL SCIENCES', '154 GLA');

INSERT INTO BOOK(ISBN, TITLE, AUTH_FNAME, AUTH_LNAME, AUTH_MI, SECTION, CALL_NUM)
VALUES('9780521521109', 'The Primacy of Politics', 'Sheri', 'Berman', 'E', 'SOCIAL SCIENCES', '321.12 BER');

INSERT INTO BOOK(ISBN, TITLE, AUTH_FNAME, AUTH_LNAME, AUTH_MI, SECTION, CALL_NUM)
VALUES('9780143112136', 'A First-Rate Madness', 'Nassir', 'Ghaemi', NULL, 'SOCIAL SCIENCES', '158.122.3 GHA');

INSERT INTO BOOK(ISBN, TITLE, AUTH_FNAME, AUTH_LNAME, AUTH_MI, SECTION, CALL_NUM)
VALUES('9780767908184', 'A Short History of Nearly Everything', 'Bill', 'Bryson', NULL, 'HISTORY', '909 BRY');

INSERT INTO BOOK(ISBN, TITLE, AUTH_FNAME, AUTH_LNAME, AUTH_MI, SECTION, CALL_NUM)
VALUES('9781250061966', 'The Almost Nearly Perfect People', 'Micheal', 'Booth', 'D', 'SOCIAL SCIENCES', '301.7 BOO');

INSERT INTO BOOK(ISBN, TITLE, AUTH_FNAME, AUTH_LNAME, AUTH_MI, SECTION, CALL_NUM)
VALUES('0385249624', 'The New Complete Hoyle: Revised', 'Richard', 'Frey', 'L', 'ARTS & RECREATION', '795.1 FRE');
GO

SET IDENTITY_INSERT BOOK_COPY ON;

/*Insert Book Copies*/
INSERT INTO BOOK_COPY(BOOK_COPY_ID, ISBN, CONDITION)
VALUES(1000, '0684833395', 'VERY GOOD');

INSERT INTO BOOK_COPY(BOOK_COPY_ID, ISBN, CONDITION)
VALUES(1001, '0684833395', 'GOOD');

INSERT INTO BOOK_COPY(BOOK_COPY_ID, ISBN, CONDITION)
VALUES(1002, '9780451465641', 'DECENT');

INSERT INTO BOOK_COPY(BOOK_COPY_ID, ISBN, CONDITION)
VALUES(1003, '9780451465641', 'POOR');

INSERT INTO BOOK_COPY(BOOK_COPY_ID, ISBN, CONDITION)
VALUES(1004, '9780451465641', 'GOOD');

INSERT INTO BOOK_COPY(BOOK_COPY_ID, ISBN, CONDITION)
VALUES(1005, '9780393327342', 'VERY GOOD');

INSERT INTO BOOK_COPY(BOOK_COPY_ID, ISBN, CONDITION)
VALUES(1006, '9780385737951', 'GOOD');

INSERT INTO BOOK_COPY(BOOK_COPY_ID, ISBN, CONDITION)
VALUES(1007, '9780385737951', 'GOOD');

INSERT INTO BOOK_COPY(BOOK_COPY_ID, ISBN, CONDITION)
VALUES(1008, '9780316010665', 'POOR');

INSERT INTO BOOK_COPY(BOOK_COPY_ID, ISBN, CONDITION)
VALUES(1009, '9780316010665', 'POOR');

INSERT INTO BOOK_COPY(BOOK_COPY_ID, ISBN, CONDITION)
VALUES(1010, '9780316010665', 'POOR');

INSERT INTO BOOK_COPY(BOOK_COPY_ID, ISBN, CONDITION)
VALUES(1011, '9780521521109', 'VERY GOOD');

INSERT INTO BOOK_COPY(BOOK_COPY_ID, ISBN, CONDITION)
VALUES(1012, '9780143112136', 'DECENT');

INSERT INTO BOOK_COPY(BOOK_COPY_ID, ISBN, CONDITION)
VALUES(1013, '9780143112136', 'GOOD');

INSERT INTO BOOK_COPY(BOOK_COPY_ID, ISBN, CONDITION)
VALUES(1014, '9780767908184', 'VERY GOOD');

INSERT INTO BOOK_COPY(BOOK_COPY_ID, ISBN, CONDITION)
VALUES(1015, '9781250061966', 'POOR');

INSERT INTO BOOK_COPY(BOOK_COPY_ID, ISBN, CONDITION)
VALUES(1016, '0385249624', 'GOOD');

INSERT INTO BOOK_COPY(BOOK_COPY_ID, ISBN, CONDITION)
VALUES(1017, '0385249624', 'GOOD');

INSERT INTO BOOK_COPY(BOOK_COPY_ID, ISBN, CONDITION)
VALUES(1018, '0385249624', 'GOOD');

INSERT INTO BOOK_COPY(BOOK_COPY_ID, ISBN, CONDITION)
VALUES(1019, '0385249624', 'GOOD');

INSERT INTO BOOK_COPY(BOOK_COPY_ID, ISBN, CONDITION)
VALUES(1020, '0385249624', 'GOOD');
GO

SET IDENTITY_INSERT BOOK_COPY OFF;
SET IDENTITY_INSERT MEMBER ON;

/*Insert Members*/
INSERT INTO MEMBER(MEM_ID, FNAME, MI, LNAME, ADDR, PHONE_NUM)
VALUES(1000, 'Alexander', 'J', 'Rosati', '112 Lake Rd, Council Grove, KS, 66846', '620.279.4497');

INSERT INTO MEMBER(MEM_ID, FNAME, MI, LNAME, ADDR, PHONE_NUM)
VALUES(1001, 'Brendan', NULL, 'Batchelor', '1215 Haen Dr, Kaukauna, WI, 54130', '972.664.1055');

INSERT INTO MEMBER(MEM_ID, FNAME, MI, LNAME, ADDR, PHONE_NUM)
VALUES(1002, 'Jack', 'E', 'Stauber', '666 Heck Street, Hell, MI, 66666', '555.555.5555');

INSERT INTO MEMBER(MEM_ID, FNAME, MI, LNAME, ADDR, PHONE_NUM)
VALUES(1003, 'Naoki', 'W', 'Urasawa', '1117 W Stout St, Chetek, WI, 54728', '715.925.1104');

INSERT INTO MEMBER(MEM_ID, FNAME, MI, LNAME, ADDR, PHONE_NUM)
VALUES(1004, 'Larry', 'G', 'David', '26 Birchwood Dr, Port Jefferson Station, NY, 11776', '631.473.6176');

INSERT INTO MEMBER(MEM_ID, FNAME, MI, LNAME, ADDR, PHONE_NUM)
VALUES(1005, 'Howard', NULL, 'Zinn', '119 Palisade St, Dobbs Ferry, NY, 10522', '914.693.6745');

SET IDENTITY_INSERT MEMBER OFF;
GO

/*Insert records into BOOK_CHECKOUT*/
/*Alex checked out 'Catch-22' and 'The Primacy of Politics'*/
INSERT INTO BOOK_CHECKOUT(BOOK_COPY_ID, MEM_ID, CHECK_OUT_DATE, DUE_DATE)
VALUES(1000, 1000, '2020-01-06', '2020-01-20');

INSERT INTO BOOK_CHECKOUT(BOOK_COPY_ID, MEM_ID, CHECK_OUT_DATE, DUE_DATE)
VALUES(1011, 1000, '2020-01-08', '2020-01-22');

/*Brendan checked out 'Fight Club'*/
INSERT INTO BOOK_CHECKOUT(BOOK_COPY_ID, MEM_ID, CHECK_OUT_DATE, DUE_DATE)
VALUES(1005, 1001, '2020-01-29', '2020-02-12');

/* Jack checked out 'A First-Rate Madness' and 'A Short History of Nearly Everything'*/
INSERT INTO BOOK_CHECKOUT(BOOK_COPY_ID, MEM_ID, CHECK_OUT_DATE, DUE_DATE)
VALUES(1012, 1002, '2020-02-05', '2020-02-19');

INSERT INTO BOOK_CHECKOUT(BOOK_COPY_ID, MEM_ID, CHECK_OUT_DATE, DUE_DATE)
VALUES(1014, 1002, '2020-01-27', '2020-02-10');

/*Naoki checked out 'The New Complete Hoyle: Revised'*/
INSERT INTO BOOK_CHECKOUT(BOOK_COPY_ID, MEM_ID, CHECK_OUT_DATE, DUE_DATE)
VALUES(1020, 1003, '2020-01-01', '2020-01-15');

/*Larry David checked out 'The New Complete Hoyle: Revised'*/
INSERT INTO BOOK_CHECKOUT(BOOK_COPY_ID, MEM_ID, CHECK_OUT_DATE, DUE_DATE)
VALUES(1019, 1004, '2020-02-25', '2020-03-10');

/*Howard checked out*/
INSERT INTO BOOK_CHECKOUT(BOOK_COPY_ID, MEM_ID, CHECK_OUT_DATE, DUE_DATE)
VALUES(1008, 1005, '2020-01-02', '2020-01-16');